"Title","URL","Description","h1 headings","h1 count","h2 headings","h3 headings","h4 headings","Title length","Description length","Response time","Content","Link count","Word count","Possible duplicates","Internal backlinks","Last modified","Robots","Canonical","Image count","Image weight","Depth","Internal links","External links","Redirects to here"
"ГОСУДАРСТВО И ЧЕЛОВЕК - последние новости и статьи | Медиапроект s-t-o-l.com","https://s-t-o-l.com/gosudarstvo-i-chelovek/","","Государство и человек","1","","","","76","0","1.1830 s","56kb","51","250","55","5688","","","https://s-t-o-l.com/gosudarstvo-i-chelovek/","15","829 kb","1","56","10","0"
"ИСТОРИЯ - последние новости и статьи | Медиапроект s-t-o-l.com","https://s-t-o-l.com/istoriya/","","История","1","","","","62","0","3.0446 s","56kb","53","269","44","5647","","","https://s-t-o-l.com/istoriya/","15","889 kb","1","58","10","0"
"ЦЕРКОВЬ И ОБЩЕСТВО - последние новости и статьи | Медиапроект s-t-o-l.com","https://s-t-o-l.com/tserkov-i-obshhestvo/","","Церковь и общество","1","","","","73","0","3.3426 s","55kb","46","246","44","5644","","","https://s-t-o-l.com/tserkov-i-obshhestvo/","18","975 kb","1","54","10","0"
"ГОСУДАРСТВО И ЧЕЛОВЕК - последние новости и статьи | Медиапроект s-t-o-l.com","https://s-t-o-l.com/gosudarstvo-i-chelovek/page/2/","","Государство и человек","1","","","","76","0","1.4269 s","59kb","50","280","55","1","","","https://s-t-o-l.com/gosudarstvo-i-chelovek/page/2/","18","1118 kb","2","58","10","0"
"ИСТОРИЯ - последние новости и статьи | Медиапроект s-t-o-l.com","https://s-t-o-l.com/istoriya/page/2/","","История","1","","","","62","0","1.6590 s","59kb","52","279","44","1","","","https://s-t-o-l.com/istoriya/page/2/","17","1139 kb","2","59","10","0"
"ЦЕРКОВЬ И ОБЩЕСТВО - последние новости и статьи | Медиапроект s-t-o-l.com","https://s-t-o-l.com/tserkov-i-obshhestvo/page/2/","","Церковь и общество","1","","","","73","0","6.5468 s","59kb","52","276","44","1","","","https://s-t-o-l.com/tserkov-i-obshhestvo/page/2/","18","997 kb","2","60","10","0"
"XX ВЕК - последние новости и статьи | Медиапроект s-t-o-l.com","https://s-t-o-l.com/xx-vek/","","XX век","1","","","","61","0","1.2105 s","56kb","52","264","26","7","","","https://s-t-o-l.com/xx-vek/","16","1023 kb","2","58","10","0"
"ГОСУДАРСТВО И ЧЕЛОВЕК - последние новости и статьи | Медиапроект s-t-o-l.com","https://s-t-o-l.com/gosudarstvo-i-chelovek/page/3/","","Государство и человек","1","","","","76","0","5.4536 s","59kb","53","307","55","1","","","https://s-t-o-l.com/gosudarstvo-i-chelovek/page/3/","15","899 kb","3","58","10","0"
"ИСТОРИЯ - последние новости и статьи | Медиапроект s-t-o-l.com","https://s-t-o-l.com/istoriya/page/3/","","История","1","","","","62","0","5.3290 s","59kb","52","304","44","1","","","https://s-t-o-l.com/istoriya/page/3/","18","1102 kb","3","60","10","0"
"ЦЕРКОВЬ И ОБЩЕСТВО - последние новости и статьи | Медиапроект s-t-o-l.com","https://s-t-o-l.com/tserkov-i-obshhestvo/page/3/","","Церковь и общество","1","","","","73","0","8.6518 s","59kb","50","303","44","1","","","https://s-t-o-l.com/tserkov-i-obshhestvo/page/3/","18","1102 kb","3","58","10","0"
"XX ВЕК - последние новости и статьи | Медиапроект s-t-o-l.com","https://s-t-o-l.com/xx-vek/page/2/","","XX век","1","","","","61","0","1.7830 s","59kb","52","299","26","1","","","https://s-t-o-l.com/xx-vek/page/2/","18","1188 kb","3","60","10","0"
"ОБЩЕСТВО - последние новости и статьи | Медиапроект s-t-o-l.com","https://s-t-o-l.com/obshhestvo/","","общество","1","","","","63","0","4.9320 s","55kb","45","248","53","14","","","https://s-t-o-l.com/obshhestvo/","18","1071 kb","3","53","10","0"
"ГОСУДАРСТВО И ЧЕЛОВЕК - последние новости и статьи | Медиапроект s-t-o-l.com","https://s-t-o-l.com/gosudarstvo-i-chelovek/page/4/","","Государство и человек","1","","","","76","0","13.4366 s","58kb","50","253","55","1","","","https://s-t-o-l.com/gosudarstvo-i-chelovek/page/4/","18","1037 kb","4","58","10","0"
"ИСТОРИЯ - последние новости и статьи | Медиапроект s-t-o-l.com","https://s-t-o-l.com/istoriya/page/4/","","История","1","","","","62","0","12.8640 s","59kb","52","276","44","1","","","https://s-t-o-l.com/istoriya/page/4/","18","1180 kb","4","60","10","0"
"ЦЕРКОВЬ И ОБЩЕСТВО - последние новости и статьи | Медиапроект s-t-o-l.com","https://s-t-o-l.com/tserkov-i-obshhestvo/page/4/","","Церковь и общество","1","","","","73","0","14.1651 s","59kb","52","278","44","1","","","https://s-t-o-l.com/tserkov-i-obshhestvo/page/4/","18","1188 kb","4","60","10","0"
"XX ВЕК - последние новости и статьи | Медиапроект s-t-o-l.com","https://s-t-o-l.com/xx-vek/page/3/","","XX век","1","","","","61","0","21.8725 s","59kb","53","291","26","1","","","https://s-t-o-l.com/xx-vek/page/3/","18","1240 kb","4","61","10","0"
"ОБЩЕСТВО - последние новости и статьи | Медиапроект s-t-o-l.com","https://s-t-o-l.com/obshhestvo/page/2/","","общество","1","","","","63","0","13.6724 s","58kb","52","255","53","1","","","https://s-t-o-l.com/obshhestvo/page/2/","15","723 kb","4","57","10","0"
"ГОСУДАРСТВО И ЧЕЛОВЕК - последние новости и статьи | Медиапроект s-t-o-l.com","https://s-t-o-l.com/gosudarstvo-i-chelovek/page/5/","","Государство и человек","1","","","","76","0","4.3565 s","58kb","50","246","55","1","","","https://s-t-o-l.com/gosudarstvo-i-chelovek/page/5/","18","1067 kb","5","58","10","0"
"ИСТОРИЯ - последние новости и статьи | Медиапроект s-t-o-l.com","https://s-t-o-l.com/istoriya/page/5/","","История","1","","","","62","0","13.1350 s","59kb","54","284","44","1","","","https://s-t-o-l.com/istoriya/page/5/","18","1133 kb","5","62","10","0"
"ЦЕРКОВЬ И ОБЩЕСТВО - последние новости и статьи | Медиапроект s-t-o-l.com","https://s-t-o-l.com/tserkov-i-obshhestvo/page/5/","","Церковь и общество","1","","","","73","0","7.4049 s","59kb","52","280","44","1","","","https://s-t-o-l.com/tserkov-i-obshhestvo/page/5/","18","1133 kb","5","60","10","0"
"XX ВЕК - последние новости и статьи | Медиапроект s-t-o-l.com","https://s-t-o-l.com/xx-vek/page/4/","","XX век","1","","","","61","0","10.7115 s","59kb","54","291","26","1","","","https://s-t-o-l.com/xx-vek/page/4/","18","1215 kb","5","62","10","0"
"ОБЩЕСТВО - последние новости и статьи | Медиапроект s-t-o-l.com","https://s-t-o-l.com/obshhestvo/page/3/","","общество","1","","","","63","0","13.0353 s","59kb","50","283","53","1","","","https://s-t-o-l.com/obshhestvo/page/3/","18","1079 kb","5","58","10","0"
"ГОСУДАРСТВО И ЧЕЛОВЕК - последние новости и статьи | Медиапроект s-t-o-l.com","https://s-t-o-l.com/gosudarstvo-i-chelovek/page/6/","","Государство и человек","1","","","","76","0","13.2154 s","58kb","49","243","55","1","","","https://s-t-o-l.com/gosudarstvo-i-chelovek/page/6/","18","987 kb","6","57","10","0"
"ИСТОРИЯ - последние новости и статьи | Медиапроект s-t-o-l.com","https://s-t-o-l.com/istoriya/page/6/","","История","1","","","","62","0","11.3121 s","58kb","54","261","44","1","","","https://s-t-o-l.com/istoriya/page/6/","18","1134 kb","6","62","10","0"
"ЦЕРКОВЬ И ОБЩЕСТВО - последние новости и статьи | Медиапроект s-t-o-l.com","https://s-t-o-l.com/tserkov-i-obshhestvo/page/6/","","Церковь и общество","1","","","","73","0","5.5400 s","58kb","51","257","44","1","","","https://s-t-o-l.com/tserkov-i-obshhestvo/page/6/","18","1035 kb","6","59","10","0"
"XX ВЕК - последние новости и статьи | Медиапроект s-t-o-l.com","https://s-t-o-l.com/xx-vek/page/5/","","XX век","1","","","","61","0","10.8254 s","58kb","51","267","26","1","","","https://s-t-o-l.com/xx-vek/page/5/","18","1114 kb","6","59","10","0"
"ОБЩЕСТВО - последние новости и статьи | Медиапроект s-t-o-l.com","https://s-t-o-l.com/obshhestvo/page/4/","","общество","1","","","","63","0","18.0942 s","58kb","49","261","53","1","","","https://s-t-o-l.com/obshhestvo/page/4/","18","976 kb","6","57","10","0"
"ГОСУДАРСТВО И ЧЕЛОВЕК - последние новости и статьи | Медиапроект s-t-o-l.com","https://s-t-o-l.com/gosudarstvo-i-chelovek/page/7/","","Государство и человек","1","","","","76","0","14.3083 s","58kb","49","250","55","1","","","https://s-t-o-l.com/gosudarstvo-i-chelovek/page/7/","18","1159 kb","7","57","10","0"
"ИСТОРИЯ - последние новости и статьи | Медиапроект s-t-o-l.com","https://s-t-o-l.com/istoriya/page/7/","","История","1","","","","62","0","8.9742 s","58kb","51","285","44","1","","","https://s-t-o-l.com/istoriya/page/7/","18","1181 kb","7","59","10","0"
"ЦЕРКОВЬ И ОБЩЕСТВО - последние новости и статьи | Медиапроект s-t-o-l.com","https://s-t-o-l.com/tserkov-i-obshhestvo/page/7/","","Церковь и общество","1","","","","73","0","16.4288 s","58kb","51","271","44","1","","","https://s-t-o-l.com/tserkov-i-obshhestvo/page/7/","18","1009 kb","7","59","10","0"
"XX ВЕК - последние новости и статьи | Медиапроект s-t-o-l.com","https://s-t-o-l.com/xx-vek/page/6/","","XX век","1","","","","61","0","13.6900 s","58kb","50","259","26","1","","","https://s-t-o-l.com/xx-vek/page/6/","18","1110 kb","7","58","10","0"
"ОБЩЕСТВО - последние новости и статьи | Медиапроект s-t-o-l.com","https://s-t-o-l.com/obshhestvo/page/5/","","общество","1","","","","63","0","9.9498 s","58kb","50","254","53","1","","","https://s-t-o-l.com/obshhestvo/page/5/","18","1040 kb","7","58","10","0"
"ГОСУДАРСТВО И ЧЕЛОВЕК - последние новости и статьи | Медиапроект s-t-o-l.com","https://s-t-o-l.com/gosudarstvo-i-chelovek/page/8/","","Государство и человек","1","","","","76","0","15.0146 s","58kb","52","253","55","1","","","https://s-t-o-l.com/gosudarstvo-i-chelovek/page/8/","17","879 kb","8","59","10","0"
"ИСТОРИЯ - последние новости и статьи | Медиапроект s-t-o-l.com","https://s-t-o-l.com/istoriya/page/8/","","История","1","","","","62","0","8.3025 s","58kb","49","251","44","1","","","https://s-t-o-l.com/istoriya/page/8/","18","1064 kb","8","57","10","0"
"ЦЕРКОВЬ И ОБЩЕСТВО - последние новости и статьи | Медиапроект s-t-o-l.com","https://s-t-o-l.com/tserkov-i-obshhestvo/page/8/","","Церковь и общество","1","","","","73","0","6.9428 s","58kb","51","246","44","1","","","https://s-t-o-l.com/tserkov-i-obshhestvo/page/8/","18","833 kb","8","59","10","0"
"XX ВЕК - последние новости и статьи | Медиапроект s-t-o-l.com","https://s-t-o-l.com/xx-vek/page/7/","","XX век","1","","","","61","0","12.0127 s","58kb","49","287","26","1","","","https://s-t-o-l.com/xx-vek/page/7/","18","1019 kb","8","57","10","0"
"ОБЩЕСТВО - последние новости и статьи | Медиапроект s-t-o-l.com","https://s-t-o-l.com/obshhestvo/page/6/","","общество","1","","","","63","0","12.0995 s","58kb","52","249","53","1","","","https://s-t-o-l.com/obshhestvo/page/6/","17","946 kb","8","59","10","0"
"ГОСУДАРСТВО И ЧЕЛОВЕК - последние новости и статьи | Медиапроект s-t-o-l.com","https://s-t-o-l.com/gosudarstvo-i-chelovek/page/9/","","Государство и человек","1","","","","76","0","9.5284 s","58kb","50","269","55","1","","","https://s-t-o-l.com/gosudarstvo-i-chelovek/page/9/","18","981 kb","9","58","10","0"
"ИСТОРИЯ - последние новости и статьи | Медиапроект s-t-o-l.com","https://s-t-o-l.com/istoriya/page/9/","","История","1","","","","62","0","11.4571 s","58kb","49","258","44","1","","","https://s-t-o-l.com/istoriya/page/9/","18","1315 kb","9","57","10","0"
"ЦЕРКОВЬ И ОБЩЕСТВО - последние новости и статьи | Медиапроект s-t-o-l.com","https://s-t-o-l.com/tserkov-i-obshhestvo/page/9/","","Церковь и общество","1","","","","73","0","7.6784 s","59kb","51","289","44","1","","","https://s-t-o-l.com/tserkov-i-obshhestvo/page/9/","18","731 kb","9","59","10","0"
"XX ВЕК - последние новости и статьи | Медиапроект s-t-o-l.com","https://s-t-o-l.com/xx-vek/page/8/","","XX век","1","","","","61","0","15.7552 s","58kb","49","260","26","1","","","https://s-t-o-l.com/xx-vek/page/8/","18","1129 kb","9","57","10","0"
"ОБЩЕСТВО - последние новости и статьи | Медиапроект s-t-o-l.com","https://s-t-o-l.com/obshhestvo/page/7/","","общество","1","","","","63","0","11.1823 s","58kb","50","247","53","1","","","https://s-t-o-l.com/obshhestvo/page/7/","18","1158 kb","9","58","10","0"
"ГОСУДАРСТВО И ЧЕЛОВЕК - последние новости и статьи | Медиапроект s-t-o-l.com","https://s-t-o-l.com/gosudarstvo-i-chelovek/page/10/","","Государство и человек","1","","","","76","0","11.8677 s","59kb","50","285","55","1","","","https://s-t-o-l.com/gosudarstvo-i-chelovek/page/10/","18","1136 kb","10","58","10","0"
"ИСТОРИЯ - последние новости и статьи | Медиапроект s-t-o-l.com","https://s-t-o-l.com/istoriya/page/10/","","История","1","","","","62","0","12.4705 s","58kb","50","292","44","1","","","https://s-t-o-l.com/istoriya/page/10/","18","1210 kb","10","58","10","0"
"ЦЕРКОВЬ И ОБЩЕСТВО - последние новости и статьи | Медиапроект s-t-o-l.com","https://s-t-o-l.com/tserkov-i-obshhestvo/page/10/","","Церковь и общество","1","","","","73","0","5.7119 s","59kb","52","299","44","1","","","https://s-t-o-l.com/tserkov-i-obshhestvo/page/10/","18","1059 kb","10","60","10","0"
"XX ВЕК - последние новости и статьи | Медиапроект s-t-o-l.com","https://s-t-o-l.com/xx-vek/page/9/","","XX век","1","","","","61","0","11.9795 s","58kb","49","251","26","1","","","https://s-t-o-l.com/xx-vek/page/9/","18","1026 kb","10","57","10","0"
"ОБЩЕСТВО - последние новости и статьи | Медиапроект s-t-o-l.com","https://s-t-o-l.com/obshhestvo/page/8/","","общество","1","","","","63","0","14.6904 s","58kb","50","257","53","1","","","https://s-t-o-l.com/obshhestvo/page/8/","18","1064 kb","10","58","10","0"
"ГОСУДАРСТВО И ЧЕЛОВЕК - последние новости и статьи | Медиапроект s-t-o-l.com","https://s-t-o-l.com/gosudarstvo-i-chelovek/page/11/","","Государство и человек","1","","","","76","0","10.9210 s","58kb","49","282","55","1","","","https://s-t-o-l.com/gosudarstvo-i-chelovek/page/11/","18","1127 kb","11","57","10","0"
"ИСТОРИЯ - последние новости и статьи | Медиапроект s-t-o-l.com","https://s-t-o-l.com/istoriya/page/11/","","История","1","","","","62","0","10.2468 s","59kb","53","274","44","1","","","https://s-t-o-l.com/istoriya/page/11/","18","1969 kb","11","61","10","0"
"ЦЕРКОВЬ И ОБЩЕСТВО - последние новости и статьи | Медиапроект s-t-o-l.com","https://s-t-o-l.com/tserkov-i-obshhestvo/page/11/","","Церковь и общество","1","","","","73","0","9.7335 s","59kb","52","298","44","1","","","https://s-t-o-l.com/tserkov-i-obshhestvo/page/11/","18","1085 kb","11","60","10","0"
"XX ВЕК - последние новости и статьи | Медиапроект s-t-o-l.com","https://s-t-o-l.com/xx-vek/page/10/","","XX век","1","","","","61","0","12.9490 s","59kb","52","287","26","1","","","https://s-t-o-l.com/xx-vek/page/10/","18","1212 kb","11","60","10","0"
"ОБЩЕСТВО - последние новости и статьи | Медиапроект s-t-o-l.com","https://s-t-o-l.com/obshhestvo/page/9/","","общество","1","","","","63","0","11.9473 s","58kb","50","260","53","1","","","https://s-t-o-l.com/obshhestvo/page/9/","18","1040 kb","11","58","10","0"
"ГОСУДАРСТВО И ЧЕЛОВЕК - последние новости и статьи | Медиапроект s-t-o-l.com","https://s-t-o-l.com/gosudarstvo-i-chelovek/page/12/","","Государство и человек","1","","","","76","0","7.5523 s","58kb","49","252","55","1","","","https://s-t-o-l.com/gosudarstvo-i-chelovek/page/12/","18","1177 kb","12","57","10","0"
"ИСТОРИЯ - последние новости и статьи | Медиапроект s-t-o-l.com","https://s-t-o-l.com/istoriya/page/12/","","История","1","","","","62","0","13.0345 s","58kb","49","283","44","1","","","https://s-t-o-l.com/istoriya/page/12/","18","1163 kb","12","57","10","0"
"ЦЕРКОВЬ И ОБЩЕСТВО - последние новости и статьи | Медиапроект s-t-o-l.com","https://s-t-o-l.com/tserkov-i-obshhestvo/page/12/","","Церковь и общество","1","","","","73","0","16.6969 s","58kb","50","254","44","1","","","https://s-t-o-l.com/tserkov-i-obshhestvo/page/12/","18","1127 kb","12","58","10","0"
"XX ВЕК - последние новости и статьи | Медиапроект s-t-o-l.com","https://s-t-o-l.com/xx-vek/page/11/","","XX век","1","","","","61","0","24.0258 s","58kb","53","261","26","1","","","https://s-t-o-l.com/xx-vek/page/11/","18","962 kb","12","61","10","0"
"ОБЩЕСТВО - последние новости и статьи | Медиапроект s-t-o-l.com","https://s-t-o-l.com/obshhestvo/page/10/","","общество","1","","","","63","0","5.8485 s","59kb","50","298","53","1","","","https://s-t-o-l.com/obshhestvo/page/10/","18","1148 kb","12","58","10","0"
"ГОСУДАРСТВО И ЧЕЛОВЕК - последние новости и статьи | Медиапроект s-t-o-l.com","https://s-t-o-l.com/gosudarstvo-i-chelovek/page/13/","","Государство и человек","1","","","","76","0","8.9982 s","58kb","49","255","55","1","","","https://s-t-o-l.com/gosudarstvo-i-chelovek/page/13/","18","1164 kb","13","57","10","0"
"ИСТОРИЯ - последние новости и статьи | Медиапроект s-t-o-l.com","https://s-t-o-l.com/istoriya/page/13/","","История","1","","","","62","0","8.4576 s","58kb","51","256","44","1","","","https://s-t-o-l.com/istoriya/page/13/","18","1128 kb","13","59","10","0"
"ЦЕРКОВЬ И ОБЩЕСТВО - последние новости и статьи | Медиапроект s-t-o-l.com","https://s-t-o-l.com/tserkov-i-obshhestvo/page/13/","","Церковь и общество","1","","","","73","0","10.3009 s","59kb","55","275","44","1","","","https://s-t-o-l.com/tserkov-i-obshhestvo/page/13/","18","948 kb","13","63","10","0"
"XX ВЕК - последние новости и статьи | Медиапроект s-t-o-l.com","https://s-t-o-l.com/xx-vek/page/12/","","XX век","1","","","","61","0","16.3106 s","59kb","52","285","26","1","","","https://s-t-o-l.com/xx-vek/page/12/","18","1096 kb","13","60","10","0"
"ОБЩЕСТВО - последние новости и статьи | Медиапроект s-t-o-l.com","https://s-t-o-l.com/obshhestvo/page/11/","","общество","1","","","","63","0","10.7928 s","58kb","49","261","53","1","","","https://s-t-o-l.com/obshhestvo/page/11/","18","1114 kb","13","57","10","0"
"ГОСУДАРСТВО И ЧЕЛОВЕК - последние новости и статьи | Медиапроект s-t-o-l.com","https://s-t-o-l.com/gosudarstvo-i-chelovek/page/14/","","Государство и человек","1","","","","76","0","13.5491 s","59kb","49","269","55","1","","","https://s-t-o-l.com/gosudarstvo-i-chelovek/page/14/","18","988 kb","14","57","10","0"
"ИСТОРИЯ - последние новости и статьи | Медиапроект s-t-o-l.com","https://s-t-o-l.com/istoriya/page/14/","","История","1","","","","62","0","11.4090 s","58kb","51","270","44","1","","","https://s-t-o-l.com/istoriya/page/14/","18","1078 kb","14","59","10","0"
"ЦЕРКОВЬ И ОБЩЕСТВО - последние новости и статьи | Медиапроект s-t-o-l.com","https://s-t-o-l.com/tserkov-i-obshhestvo/page/14/","","Церковь и общество","1","","","","73","0","12.8375 s","59kb","52","255","44","1","","","https://s-t-o-l.com/tserkov-i-obshhestvo/page/14/","18","1108 kb","14","60","10","0"
"XX ВЕК - последние новости и статьи | Медиапроект s-t-o-l.com","https://s-t-o-l.com/xx-vek/page/13/","","XX век","1","","","","61","0","13.3394 s","58kb","53","257","26","1","","","https://s-t-o-l.com/xx-vek/page/13/","18","1154 kb","14","61","10","0"
"ОБЩЕСТВО - последние новости и статьи | Медиапроект s-t-o-l.com","https://s-t-o-l.com/obshhestvo/page/12/","","общество","1","","","","63","0","9.0254 s","58kb","49","240","53","1","","","https://s-t-o-l.com/obshhestvo/page/12/","18","940 kb","14","57","10","0"
"ГОСУДАРСТВО И ЧЕЛОВЕК - последние новости и статьи | Медиапроект s-t-o-l.com","https://s-t-o-l.com/gosudarstvo-i-chelovek/page/15/","","Государство и человек","1","","","","76","0","10.9284 s","59kb","49","276","55","1","","","https://s-t-o-l.com/gosudarstvo-i-chelovek/page/15/","18","1082 kb","15","57","10","0"
"ИСТОРИЯ - последние новости и статьи | Медиапроект s-t-o-l.com","https://s-t-o-l.com/istoriya/page/15/","","История","1","","","","62","0","9.7925 s","58kb","49","270","44","1","","","https://s-t-o-l.com/istoriya/page/15/","18","1157 kb","15","57","10","0"
"ЦЕРКОВЬ И ОБЩЕСТВО - последние новости и статьи | Медиапроект s-t-o-l.com","https://s-t-o-l.com/tserkov-i-obshhestvo/page/15/","","Церковь и общество","1","","","","73","0","16.9582 s","59kb","51","297","44","1","","","https://s-t-o-l.com/tserkov-i-obshhestvo/page/15/","18","1115 kb","15","59","10","0"
"XX ВЕК - последние новости и статьи | Медиапроект s-t-o-l.com","https://s-t-o-l.com/xx-vek/page/14/","","XX век","1","","","","61","0","15.8779 s","59kb","54","282","26","1","","","https://s-t-o-l.com/xx-vek/page/14/","18","1189 kb","15","62","10","0"
"ОБЩЕСТВО - последние новости и статьи | Медиапроект s-t-o-l.com","https://s-t-o-l.com/obshhestvo/page/13/","","общество","1","","","","63","0","15.0943 s","58kb","50","263","53","1","","","https://s-t-o-l.com/obshhestvo/page/13/","18","843 kb","15","58","10","0"
"ГОСУДАРСТВО И ЧЕЛОВЕК - последние новости и статьи | Медиапроект s-t-o-l.com","https://s-t-o-l.com/gosudarstvo-i-chelovek/page/16/","","Государство и человек","1","","","","76","0","28.7567 s","58kb","49","265","55","1","","","https://s-t-o-l.com/gosudarstvo-i-chelovek/page/16/","18","1058 kb","16","57","10","0"
"ИСТОРИЯ - последние новости и статьи | Медиапроект s-t-o-l.com","https://s-t-o-l.com/istoriya/page/16/","","История","1","","","","62","0","22.3485 s","58kb","50","255","44","1","","","https://s-t-o-l.com/istoriya/page/16/","18","1104 kb","16","58","10","0"
"ЦЕРКОВЬ И ОБЩЕСТВО - последние новости и статьи | Медиапроект s-t-o-l.com","https://s-t-o-l.com/tserkov-i-obshhestvo/page/16/","","Церковь и общество","1","","","","73","0","25.6918 s","59kb","55","282","44","1","","","https://s-t-o-l.com/tserkov-i-obshhestvo/page/16/","18","1071 kb","16","63","10","0"
"XX ВЕК - последние новости и статьи | Медиапроект s-t-o-l.com","https://s-t-o-l.com/xx-vek/page/15/","","XX век","1","","","","61","0","17.1349 s","59kb","54","268","26","1","","","https://s-t-o-l.com/xx-vek/page/15/","18","1184 kb","16","62","10","0"
"ОБЩЕСТВО - последние новости и статьи | Медиапроект s-t-o-l.com","https://s-t-o-l.com/obshhestvo/page/14/","","общество","1","","","","63","0","18.4409 s","58kb","50","269","53","1","","","https://s-t-o-l.com/obshhestvo/page/14/","18","947 kb","16","58","10","0"
"ГОСУДАРСТВО И ЧЕЛОВЕК - последние новости и статьи | Медиапроект s-t-o-l.com","https://s-t-o-l.com/gosudarstvo-i-chelovek/page/17/","","Государство и человек","1","","","","76","0","13.8611 s","58kb","51","260","55","1","","","https://s-t-o-l.com/gosudarstvo-i-chelovek/page/17/","18","1106 kb","17","59","10","0"
"ИСТОРИЯ - последние новости и статьи | Медиапроект s-t-o-l.com","https://s-t-o-l.com/istoriya/page/17/","","История","1","","","","62","0","15.7948 s","58kb","52","262","44","1","","","https://s-t-o-l.com/istoriya/page/17/","18","1157 kb","17","60","10","0"
"ЦЕРКОВЬ И ОБЩЕСТВО - последние новости и статьи | Медиапроект s-t-o-l.com","https://s-t-o-l.com/tserkov-i-obshhestvo/page/17/","","Церковь и общество","1","","","","73","0","17.8700 s","59kb","52","280","44","1","","","https://s-t-o-l.com/tserkov-i-obshhestvo/page/17/","18","1077 kb","17","60","10","0"
"XX ВЕК - последние новости и статьи | Медиапроект s-t-o-l.com","https://s-t-o-l.com/xx-vek/page/16/","","XX век","1","","","","61","0","18.4967 s","58kb","49","262","26","1","","","https://s-t-o-l.com/xx-vek/page/16/","18","1088 kb","17","57","10","0"
"ОБЩЕСТВО - последние новости и статьи | Медиапроект s-t-o-l.com","https://s-t-o-l.com/obshhestvo/page/15/","","общество","1","","","","63","0","19.9961 s","58kb","51","254","53","1","","","https://s-t-o-l.com/obshhestvo/page/15/","18","830 kb","17","59","10","0"
"ГОСУДАРСТВО И ЧЕЛОВЕК - последние новости и статьи | Медиапроект s-t-o-l.com","https://s-t-o-l.com/gosudarstvo-i-chelovek/page/18/","","Государство и человек","1","","","","76","0","8.6256 s","59kb","51","296","55","1","","","https://s-t-o-l.com/gosudarstvo-i-chelovek/page/18/","18","1112 kb","18","59","10","0"
"ИСТОРИЯ - последние новости и статьи | Медиапроект s-t-o-l.com","https://s-t-o-l.com/istoriya/page/18/","","История","1","","","","62","0","9.5545 s","58kb","50","257","44","1","","","https://s-t-o-l.com/istoriya/page/18/","18","1543 kb","18","58","10","0"
"ЦЕРКОВЬ И ОБЩЕСТВО - последние новости и статьи | Медиапроект s-t-o-l.com","https://s-t-o-l.com/tserkov-i-obshhestvo/page/18/","","Церковь и общество","1","","","","73","0","9.0409 s","59kb","52","283","44","1","","","https://s-t-o-l.com/tserkov-i-obshhestvo/page/18/","18","1152 kb","18","60","10","0"
"XX ВЕК - последние новости и статьи | Медиапроект s-t-o-l.com","https://s-t-o-l.com/xx-vek/page/17/","","XX век","1","","","","61","0","9.4425 s","58kb","52","265","26","1","","","https://s-t-o-l.com/xx-vek/page/17/","18","1573 kb","18","60","10","0"
"ОБЩЕСТВО - последние новости и статьи | Медиапроект s-t-o-l.com","https://s-t-o-l.com/obshhestvo/page/16/","","общество","1","","","","63","0","11.1608 s","58kb","50","271","53","1","","","https://s-t-o-l.com/obshhestvo/page/16/","18","713 kb","18","58","10","0"
"ГОСУДАРСТВО И ЧЕЛОВЕК - последние новости и статьи | Медиапроект s-t-o-l.com","https://s-t-o-l.com/gosudarstvo-i-chelovek/page/19/","","Государство и человек","1","","","","76","0","9.6675 s","59kb","49","282","55","1","","","https://s-t-o-l.com/gosudarstvo-i-chelovek/page/19/","18","1020 kb","19","57","10","0"
"ИСТОРИЯ - последние новости и статьи | Медиапроект s-t-o-l.com","https://s-t-o-l.com/istoriya/page/19/","","История","1","","","","62","0","13.4012 s","58kb","51","274","44","1","","","https://s-t-o-l.com/istoriya/page/19/","18","1071 kb","19","59","10","0"
"ЦЕРКОВЬ И ОБЩЕСТВО - последние новости и статьи | Медиапроект s-t-o-l.com","https://s-t-o-l.com/tserkov-i-obshhestvo/page/19/","","Церковь и общество","1","","","","73","0","15.9354 s","59kb","54","264","44","1","","","https://s-t-o-l.com/tserkov-i-obshhestvo/page/19/","18","1134 kb","19","62","10","0"
"XX ВЕК - последние новости и статьи | Медиапроект s-t-o-l.com","https://s-t-o-l.com/xx-vek/page/18/","","XX век","1","","","","61","0","12.1338 s","58kb","52","271","26","1","","","https://s-t-o-l.com/xx-vek/page/18/","18","1001 kb","19","60","10","0"
"ОБЩЕСТВО - последние новости и статьи | Медиапроект s-t-o-l.com","https://s-t-o-l.com/obshhestvo/page/17/","","общество","1","","","","63","0","12.8581 s","58kb","49","268","53","1","","","https://s-t-o-l.com/obshhestvo/page/17/","18","843 kb","19","57","10","0"
"ГОСУДАРСТВО И ЧЕЛОВЕК - последние новости и статьи | Медиапроект s-t-o-l.com","https://s-t-o-l.com/gosudarstvo-i-chelovek/page/20/","","Государство и человек","1","","","","76","0","4.9568 s","58kb","49","251","55","1","","","https://s-t-o-l.com/gosudarstvo-i-chelovek/page/20/","18","1138 kb","20","57","10","0"
"ЦЕРКОВЬ И ОБЩЕСТВО - последние новости и статьи | Медиапроект s-t-o-l.com","https://s-t-o-l.com/tserkov-i-obshhestvo/page/20/","","Церковь и общество","1","","","","73","0","6.4437 s","59kb","54","287","44","1","","","https://s-t-o-l.com/tserkov-i-obshhestvo/page/20/","18","1040 kb","20","62","10","0"
"ИСТОРИЯ - последние новости и статьи | Медиапроект s-t-o-l.com","https://s-t-o-l.com/istoriya/page/20/","","История","1","","","","62","0","8.1589 s","58kb","52","248","44","1","","","https://s-t-o-l.com/istoriya/page/20/","18","1003 kb","20","60","10","0"
"XX ВЕК - последние новости и статьи | Медиапроект s-t-o-l.com","https://s-t-o-l.com/xx-vek/page/19/","","XX век","1","","","","61","0","11.8892 s","58kb","52","258","26","1","","","https://s-t-o-l.com/xx-vek/page/19/","18","1126 kb","20","60","10","0"
"ОБЩЕСТВО - последние новости и статьи | Медиапроект s-t-o-l.com","https://s-t-o-l.com/obshhestvo/page/18/","","общество","1","","","","63","0","8.1544 s","58kb","49","277","53","1","","","https://s-t-o-l.com/obshhestvo/page/18/","18","863 kb","20","57","10","0"
"ГОСУДАРСТВО И ЧЕЛОВЕК - последние новости и статьи | Медиапроект s-t-o-l.com","https://s-t-o-l.com/gosudarstvo-i-chelovek/page/21/","","Государство и человек","1","","","","76","0","10.8332 s","58kb","50","263","55","1","","","https://s-t-o-l.com/gosudarstvo-i-chelovek/page/21/","18","1093 kb","21","58","10","0"
"ЦЕРКОВЬ И ОБЩЕСТВО - последние новости и статьи | Медиапроект s-t-o-l.com","https://s-t-o-l.com/tserkov-i-obshhestvo/page/21/","","Церковь и общество","1","","","","73","0","12.7273 s","59kb","51","278","44","1","","","https://s-t-o-l.com/tserkov-i-obshhestvo/page/21/","18","1041 kb","21","59","10","0"
"ИСТОРИЯ - последние новости и статьи | Медиапроект s-t-o-l.com","https://s-t-o-l.com/istoriya/page/21/","","История","1","","","","62","0","17.9436 s","58kb","50","259","44","1","","","https://s-t-o-l.com/istoriya/page/21/","18","1154 kb","21","58","10","0"
"XX ВЕК - последние новости и статьи | Медиапроект s-t-o-l.com","https://s-t-o-l.com/xx-vek/page/20/","","XX век","1","","","","61","0","10.1373 s","59kb","54","279","26","1","","","https://s-t-o-l.com/xx-vek/page/20/","18","1132 kb","21","62","10","0"
"ОБЩЕСТВО - последние новости и статьи | Медиапроект s-t-o-l.com","https://s-t-o-l.com/obshhestvo/page/19/","","общество","1","","","","63","0","13.3872 s","58kb","50","259","53","1","","","https://s-t-o-l.com/obshhestvo/page/19/","18","1098 kb","21","58","10","0"
"ГОСУДАРСТВО И ЧЕЛОВЕК - последние новости и статьи | Медиапроект s-t-o-l.com","https://s-t-o-l.com/gosudarstvo-i-chelovek/page/22/","","Государство и человек","1","","","","76","0","9.8554 s","59kb","52","269","55","1","","","https://s-t-o-l.com/gosudarstvo-i-chelovek/page/22/","18","1065 kb","22","60","10","0"
"ЦЕРКОВЬ И ОБЩЕСТВО - последние новости и статьи | Медиапроект s-t-o-l.com","https://s-t-o-l.com/tserkov-i-obshhestvo/page/22/","","Церковь и общество","1","","","","73","0","10.6984 s","59kb","52","270","44","1","","","https://s-t-o-l.com/tserkov-i-obshhestvo/page/22/","18","1074 kb","22","60","10","0"
"ИСТОРИЯ - последние новости и статьи | Медиапроект s-t-o-l.com","https://s-t-o-l.com/istoriya/page/22/","","История","1","","","","62","0","8.5004 s","59kb","56","271","44","1","","","https://s-t-o-l.com/istoriya/page/22/","16","978 kb","22","62","10","0"
"XX ВЕК - последние новости и статьи | Медиапроект s-t-o-l.com","https://s-t-o-l.com/xx-vek/page/21/","","XX век","1","","","","61","0","12.0834 s","59kb","55","270","26","1","","","https://s-t-o-l.com/xx-vek/page/21/","17","1103 kb","22","62","10","0"
"ОБЩЕСТВО - последние новости и статьи | Медиапроект s-t-o-l.com","https://s-t-o-l.com/obshhestvo/page/20/","","общество","1","","","","63","0","8.6989 s","58kb","51","251","53","1","","","https://s-t-o-l.com/obshhestvo/page/20/","18","1096 kb","22","59","10","0"
"ГОСУДАРСТВО И ЧЕЛОВЕК - последние новости и статьи | Медиапроект s-t-o-l.com","https://s-t-o-l.com/gosudarstvo-i-chelovek/page/23/","","Государство и человек","1","","","","76","0","8.9860 s","58kb","49","268","55","1","","","https://s-t-o-l.com/gosudarstvo-i-chelovek/page/23/","18","991 kb","23","57","10","0"
"ЦЕРКОВЬ И ОБЩЕСТВО - последние новости и статьи | Медиапроект s-t-o-l.com","https://s-t-o-l.com/tserkov-i-obshhestvo/page/23/","","Церковь и общество","1","","","","73","0","11.2668 s","59kb","53","262","44","1","","","https://s-t-o-l.com/tserkov-i-obshhestvo/page/23/","18","1102 kb","23","61","10","0"
"ИСТОРИЯ - последние новости и статьи | Медиапроект s-t-o-l.com","https://s-t-o-l.com/istoriya/page/23/","","История","1","","","","62","0","13.5321 s","59kb","55","282","44","1","","","https://s-t-o-l.com/istoriya/page/23/","17","1242 kb","23","62","10","0"
"XX ВЕК - последние новости и статьи | Медиапроект s-t-o-l.com","https://s-t-o-l.com/xx-vek/page/22/","","XX век","1","","","","61","0","11.7391 s","59kb","54","267","26","1","","","https://s-t-o-l.com/xx-vek/page/22/","18","1470 kb","23","62","10","0"
"ОБЩЕСТВО - последние новости и статьи | Медиапроект s-t-o-l.com","https://s-t-o-l.com/obshhestvo/page/21/","","общество","1","","","","63","0","7.4739 s","58kb","49","267","53","1","","","https://s-t-o-l.com/obshhestvo/page/21/","18","1094 kb","23","57","10","0"
"ГОСУДАРСТВО И ЧЕЛОВЕК - последние новости и статьи | Медиапроект s-t-o-l.com","https://s-t-o-l.com/gosudarstvo-i-chelovek/page/24/","","Государство и человек","1","","","","76","0","11.9962 s","59kb","49","278","55","1","","","https://s-t-o-l.com/gosudarstvo-i-chelovek/page/24/","18","1068 kb","24","57","10","0"
"ЦЕРКОВЬ И ОБЩЕСТВО - последние новости и статьи | Медиапроект s-t-o-l.com","https://s-t-o-l.com/tserkov-i-obshhestvo/page/24/","","Церковь и общество","1","","","","73","0","11.6655 s","59kb","50","290","44","1","","","https://s-t-o-l.com/tserkov-i-obshhestvo/page/24/","18","1053 kb","24","58","10","0"
"ИСТОРИЯ - последние новости и статьи | Медиапроект s-t-o-l.com","https://s-t-o-l.com/istoriya/page/24/","","История","1","","","","62","0","11.0742 s","58kb","54","260","44","1","","","https://s-t-o-l.com/istoriya/page/24/","18","1206 kb","24","62","10","0"
"XX ВЕК - последние новости и статьи | Медиапроект s-t-o-l.com","https://s-t-o-l.com/xx-vek/page/23/","","XX век","1","","","","61","0","9.8946 s","59kb","52","292","26","1","","","https://s-t-o-l.com/xx-vek/page/23/","18","1034 kb","24","60","10","0"
"ОБЩЕСТВО - последние новости и статьи | Медиапроект s-t-o-l.com","https://s-t-o-l.com/obshhestvo/page/22/","","общество","1","","","","63","0","19.1999 s","59kb","51","282","53","1","","","https://s-t-o-l.com/obshhestvo/page/22/","18","1136 kb","24","59","10","0"
"ГОСУДАРСТВО И ЧЕЛОВЕК - последние новости и статьи | Медиапроект s-t-o-l.com","https://s-t-o-l.com/gosudarstvo-i-chelovek/page/25/","","Государство и человек","1","","","","76","0","10.5529 s","58kb","49","274","55","1","","","https://s-t-o-l.com/gosudarstvo-i-chelovek/page/25/","18","1012 kb","25","57","10","0"
"ЦЕРКОВЬ И ОБЩЕСТВО - последние новости и статьи | Медиапроект s-t-o-l.com","https://s-t-o-l.com/tserkov-i-obshhestvo/page/25/","","Церковь и общество","1","","","","73","0","6.5020 s","59kb","52","263","44","1","","","https://s-t-o-l.com/tserkov-i-obshhestvo/page/25/","18","1138 kb","25","60","10","0"
"ИСТОРИЯ - последние новости и статьи | Медиапроект s-t-o-l.com","https://s-t-o-l.com/istoriya/page/25/","","История","1","","","","62","0","14.0106 s","58kb","50","281","44","1","","","https://s-t-o-l.com/istoriya/page/25/","18","1068 kb","25","58","10","0"
"XX ВЕК - последние новости и статьи | Медиапроект s-t-o-l.com","https://s-t-o-l.com/xx-vek/page/24/","","XX век","1","","","","61","0","16.8487 s","58kb","52","261","26","1","","","https://s-t-o-l.com/xx-vek/page/24/","18","1226 kb","25","60","10","0"
"ОБЩЕСТВО - последние новости и статьи | Медиапроект s-t-o-l.com","https://s-t-o-l.com/obshhestvo/page/23/","","общество","1","","","","63","0","7.3513 s","59kb","51","277","53","1","","","https://s-t-o-l.com/obshhestvo/page/23/","18","1400 kb","25","59","10","0"
"ГОСУДАРСТВО И ЧЕЛОВЕК - последние новости и статьи | Медиапроект s-t-o-l.com","https://s-t-o-l.com/gosudarstvo-i-chelovek/page/26/","","Государство и человек","1","","","","76","0","12.3474 s","59kb","50","266","55","1","","","https://s-t-o-l.com/gosudarstvo-i-chelovek/page/26/","18","853 kb","26","58","10","0"
"ЦЕРКОВЬ И ОБЩЕСТВО - последние новости и статьи | Медиапроект s-t-o-l.com","https://s-t-o-l.com/tserkov-i-obshhestvo/page/26/","","Церковь и общество","1","","","","73","0","10.3109 s","59kb","53","272","44","1","","","https://s-t-o-l.com/tserkov-i-obshhestvo/page/26/","18","1146 kb","26","61","10","0"
"ИСТОРИЯ - последние новости и статьи | Медиапроект s-t-o-l.com","https://s-t-o-l.com/istoriya/page/26/","","История","1","","","","62","0","6.3734 s","59kb","53","311","44","1","","","https://s-t-o-l.com/istoriya/page/26/","18","1199 kb","26","61","10","0"
"XX ВЕК - последние новости и статьи | Медиапроект s-t-o-l.com","https://s-t-o-l.com/xx-vek/page/25/","","XX век","1","","","","61","0","9.8228 s","58kb","52","262","26","1","","","https://s-t-o-l.com/xx-vek/page/25/","18","1123 kb","26","60","10","0"
"ОБЩЕСТВО - последние новости и статьи | Медиапроект s-t-o-l.com","https://s-t-o-l.com/obshhestvo/page/24/","","общество","1","","","","63","0","9.4366 s","58kb","51","257","53","1","","","https://s-t-o-l.com/obshhestvo/page/24/","18","950 kb","26","59","10","0"
"ГОСУДАРСТВО И ЧЕЛОВЕК - последние новости и статьи | Медиапроект s-t-o-l.com","https://s-t-o-l.com/gosudarstvo-i-chelovek/page/27/","","Государство и человек","1","","","","76","0","8.4103 s","59kb","53","256","55","1","","","https://s-t-o-l.com/gosudarstvo-i-chelovek/page/27/","18","1050 kb","27","61","10","0"
"ЦЕРКОВЬ И ОБЩЕСТВО - последние новости и статьи | Медиапроект s-t-o-l.com","https://s-t-o-l.com/tserkov-i-obshhestvo/page/27/","","Церковь и общество","1","","","","73","0","10.9187 s","59kb","54","272","44","1","","","https://s-t-o-l.com/tserkov-i-obshhestvo/page/27/","16","1032 kb","27","60","10","0"
"ИСТОРИЯ - последние новости и статьи | Медиапроект s-t-o-l.com","https://s-t-o-l.com/istoriya/page/27/","","История","1","","","","62","0","7.8344 s","58kb","53","274","44","1","","","https://s-t-o-l.com/istoriya/page/27/","18","1159 kb","27","61","10","0"
"XX ВЕК - последние новости и статьи | Медиапроект s-t-o-l.com","https://s-t-o-l.com/xx-vek/page/26/","","XX век","1","","","","61","0","8.9464 s","59kb","53","279","26","1","","","https://s-t-o-l.com/xx-vek/page/26/","18","1143 kb","27","61","10","0"
"ОБЩЕСТВО - последние новости и статьи | Медиапроект s-t-o-l.com","https://s-t-o-l.com/obshhestvo/page/25/","","общество","1","","","","63","0","10.4246 s","58kb","51","267","53","1","","","https://s-t-o-l.com/obshhestvo/page/25/","18","907 kb","27","59","10","0"
"ИСТОРИЯ - последние новости и статьи | Медиапроект s-t-o-l.com","https://s-t-o-l.com/istoriya/page/28/","","История","1","","","","62","0","4.8432 s","58kb","52","256","44","1","","","https://s-t-o-l.com/istoriya/page/28/","18","1242 kb","28","60","10","0"
"ЦЕРКОВЬ И ОБЩЕСТВО - последние новости и статьи | Медиапроект s-t-o-l.com","https://s-t-o-l.com/tserkov-i-obshhestvo/page/28/","","Церковь и общество","1","","","","73","0","6.9171 s","60kb","55","310","44","1","","","https://s-t-o-l.com/tserkov-i-obshhestvo/page/28/","18","1182 kb","28","63","10","0"
"ГОСУДАРСТВО И ЧЕЛОВЕК - последние новости и статьи | Медиапроект s-t-o-l.com","https://s-t-o-l.com/gosudarstvo-i-chelovek/page/28/","","Государство и человек","1","","","","76","0","19.1873 s","59kb","50","268","55","1","","","https://s-t-o-l.com/gosudarstvo-i-chelovek/page/28/","18","1042 kb","28","58","10","0"
"XX ВЕК - последние новости и статьи | Медиапроект s-t-o-l.com","https://s-t-o-l.com/xx-vek/page/27/","","XX век","1","","","","61","0","13.1962 s","57kb","50","253","26","1","","","https://s-t-o-l.com/xx-vek/page/27/","15","906 kb","28","55","10","0"
"ОБЩЕСТВО - последние новости и статьи | Медиапроект s-t-o-l.com","https://s-t-o-l.com/obshhestvo/page/26/","","общество","1","","","","63","0","14.5198 s","58kb","50","281","53","1","","","https://s-t-o-l.com/obshhestvo/page/26/","18","1179 kb","28","58","10","0"
"ИСТОРИЯ - последние новости и статьи | Медиапроект s-t-o-l.com","https://s-t-o-l.com/istoriya/page/29/","","История","1","","","","62","0","19.7676 s","58kb","52","258","44","1","","","https://s-t-o-l.com/istoriya/page/29/","18","1124 kb","29","60","10","0"
"ЦЕРКОВЬ И ОБЩЕСТВО - последние новости и статьи | Медиапроект s-t-o-l.com","https://s-t-o-l.com/tserkov-i-obshhestvo/page/29/","","Церковь и общество","1","","","","73","0","8.7489 s","59kb","52","255","44","1","","","https://s-t-o-l.com/tserkov-i-obshhestvo/page/29/","18","1108 kb","29","60","10","0"
"ГОСУДАРСТВО И ЧЕЛОВЕК - последние новости и статьи | Медиапроект s-t-o-l.com","https://s-t-o-l.com/gosudarstvo-i-chelovek/page/29/","","Государство и человек","1","","","","76","0","7.5492 s","58kb","50","257","55","1","","","https://s-t-o-l.com/gosudarstvo-i-chelovek/page/29/","18","974 kb","29","58","10","0"
"ОБЩЕСТВО - последние новости и статьи | Медиапроект s-t-o-l.com","https://s-t-o-l.com/obshhestvo/page/27/","","общество","1","","","","63","0","10.8952 s","58kb","52","262","53","1","","","https://s-t-o-l.com/obshhestvo/page/27/","18","1008 kb","29","60","10","0"
"ИСТОРИЯ - последние новости и статьи | Медиапроект s-t-o-l.com","https://s-t-o-l.com/istoriya/page/30/","","История","1","","","","62","0","20.1026 s","58kb","52","270","44","1","","","https://s-t-o-l.com/istoriya/page/30/","18","1231 kb","30","60","10","0"
"ЦЕРКОВЬ И ОБЩЕСТВО - последние новости и статьи | Медиапроект s-t-o-l.com","https://s-t-o-l.com/tserkov-i-obshhestvo/page/30/","","Церковь и общество","1","","","","73","0","8.7672 s","59kb","51","319","44","1","","","https://s-t-o-l.com/tserkov-i-obshhestvo/page/30/","18","1155 kb","30","59","10","0"
"ГОСУДАРСТВО И ЧЕЛОВЕК - последние новости и статьи | Медиапроект s-t-o-l.com","https://s-t-o-l.com/gosudarstvo-i-chelovek/page/30/","","Государство и человек","1","","","","76","0","11.7965 s","58kb","50","257","55","1","","","https://s-t-o-l.com/gosudarstvo-i-chelovek/page/30/","18","1135 kb","30","58","10","0"
"ОБЩЕСТВО - последние новости и статьи | Медиапроект s-t-o-l.com","https://s-t-o-l.com/obshhestvo/page/28/","","общество","1","","","","63","0","6.4130 s","58kb","51","272","53","1","","","https://s-t-o-l.com/obshhestvo/page/28/","18","1030 kb","30","59","10","0"
"ИСТОРИЯ - последние новости и статьи | Медиапроект s-t-o-l.com","https://s-t-o-l.com/istoriya/page/31/","","История","1","","","","62","0","14.1488 s","58kb","50","283","44","1","","","https://s-t-o-l.com/istoriya/page/31/","18","1371 kb","31","58","10","0"
"ЦЕРКОВЬ И ОБЩЕСТВО - последние новости и статьи | Медиапроект s-t-o-l.com","https://s-t-o-l.com/tserkov-i-obshhestvo/page/31/","","Церковь и общество","1","","","","73","0","7.6237 s","58kb","52","268","44","1","","","https://s-t-o-l.com/tserkov-i-obshhestvo/page/31/","18","1165 kb","31","60","10","0"
"ГОСУДАРСТВО И ЧЕЛОВЕК - последние новости и статьи | Медиапроект s-t-o-l.com","https://s-t-o-l.com/gosudarstvo-i-chelovek/page/31/","","Государство и человек","1","","","","76","0","12.7242 s","58kb","50","231","55","1","","","https://s-t-o-l.com/gosudarstvo-i-chelovek/page/31/","18","651 kb","31","58","10","0"
"ОБЩЕСТВО - последние новости и статьи | Медиапроект s-t-o-l.com","https://s-t-o-l.com/obshhestvo/page/29/","","общество","1","","","","63","0","11.0096 s","58kb","52","248","53","1","","","https://s-t-o-l.com/obshhestvo/page/29/","18","1007 kb","31","60","10","0"
"ИСТОРИЯ - последние новости и статьи | Медиапроект s-t-o-l.com","https://s-t-o-l.com/istoriya/page/32/","","История","1","","","","62","0","10.5269 s","58kb","52","274","44","1","","","https://s-t-o-l.com/istoriya/page/32/","18","906 kb","32","60","10","0"
"ЦЕРКОВЬ И ОБЩЕСТВО - последние новости и статьи | Медиапроект s-t-o-l.com","https://s-t-o-l.com/tserkov-i-obshhestvo/page/32/","","Церковь и общество","1","","","","73","0","9.0712 s","58kb","53","250","44","1","","","https://s-t-o-l.com/tserkov-i-obshhestvo/page/32/","18","1159 kb","32","61","10","0"
"ГОСУДАРСТВО И ЧЕЛОВЕК - последние новости и статьи | Медиапроект s-t-o-l.com","https://s-t-o-l.com/gosudarstvo-i-chelovek/page/32/","","Государство и человек","1","","","","76","0","11.2911 s","58kb","50","233","55","1","","","https://s-t-o-l.com/gosudarstvo-i-chelovek/page/32/","18","633 kb","32","58","10","0"
"ОБЩЕСТВО - последние новости и статьи | Медиапроект s-t-o-l.com","https://s-t-o-l.com/obshhestvo/page/30/","","общество","1","","","","63","0","11.5050 s","58kb","50","264","53","1","","","https://s-t-o-l.com/obshhestvo/page/30/","18","988 kb","32","58","10","0"
"ИСТОРИЯ - последние новости и статьи | Медиапроект s-t-o-l.com","https://s-t-o-l.com/istoriya/page/33/","","История","1","","","","62","0","11.8359 s","59kb","56","248","44","1","","","https://s-t-o-l.com/istoriya/page/33/","18","955 kb","33","64","10","0"
"ЦЕРКОВЬ И ОБЩЕСТВО - последние новости и статьи | Медиапроект s-t-o-l.com","https://s-t-o-l.com/tserkov-i-obshhestvo/page/33/","","Церковь и общество","1","","","","73","0","10.9370 s","58kb","52","261","44","1","","","https://s-t-o-l.com/tserkov-i-obshhestvo/page/33/","18","1236 kb","33","60","10","0"
"ГОСУДАРСТВО И ЧЕЛОВЕК - последние новости и статьи | Медиапроект s-t-o-l.com","https://s-t-o-l.com/gosudarstvo-i-chelovek/page/33/","","Государство и человек","1","","","","76","0","7.9797 s","59kb","51","283","55","1","","","https://s-t-o-l.com/gosudarstvo-i-chelovek/page/33/","18","1009 kb","33","59","10","0"
"ОБЩЕСТВО - последние новости и статьи | Медиапроект s-t-o-l.com","https://s-t-o-l.com/obshhestvo/page/31/","","общество","1","","","","63","0","7.0859 s","57kb","49","236","53","1","","","https://s-t-o-l.com/obshhestvo/page/31/","18","1227 kb","33","57","10","0"
"ЦЕРКОВЬ И ОБЩЕСТВО - последние новости и статьи | Медиапроект s-t-o-l.com","https://s-t-o-l.com/tserkov-i-obshhestvo/page/34/","","Церковь и общество","1","","","","73","0","6.7001 s","59kb","53","275","44","1","","","https://s-t-o-l.com/tserkov-i-obshhestvo/page/34/","18","1197 kb","34","61","10","0"
"ИСТОРИЯ - последние новости и статьи | Медиапроект s-t-o-l.com","https://s-t-o-l.com/istoriya/page/34/","","История","1","","","","62","0","10.1234 s","60kb","57","321","44","1","","","https://s-t-o-l.com/istoriya/page/34/","18","1059 kb","34","65","10","0"
"ГОСУДАРСТВО И ЧЕЛОВЕК - последние новости и статьи | Медиапроект s-t-o-l.com","https://s-t-o-l.com/gosudarstvo-i-chelovek/page/34/","","Государство и человек","1","","","","76","0","7.6647 s","58kb","49","261","55","1","","","https://s-t-o-l.com/gosudarstvo-i-chelovek/page/34/","18","766 kb","34","57","10","0"
"ОБЩЕСТВО - последние новости и статьи | Медиапроект s-t-o-l.com","https://s-t-o-l.com/obshhestvo/page/32/","","общество","1","","","","63","0","11.2758 s","58kb","51","232","53","1","","","https://s-t-o-l.com/obshhestvo/page/32/","18","1171 kb","34","59","10","0"
"ЦЕРКОВЬ И ОБЩЕСТВО - последние новости и статьи | Медиапроект s-t-o-l.com","https://s-t-o-l.com/tserkov-i-obshhestvo/page/35/","","Церковь и общество","1","","","","73","0","12.3687 s","59kb","51","250","44","1","","","https://s-t-o-l.com/tserkov-i-obshhestvo/page/35/","18","1205 kb","35","59","10","0"
"ИСТОРИЯ - последние новости и статьи | Медиапроект s-t-o-l.com","https://s-t-o-l.com/istoriya/page/35/","","История","1","","","","62","0","10.6175 s","60kb","57","290","44","1","","","https://s-t-o-l.com/istoriya/page/35/","18","1136 kb","35","65","10","0"
"ГОСУДАРСТВО И ЧЕЛОВЕК - последние новости и статьи | Медиапроект s-t-o-l.com","https://s-t-o-l.com/gosudarstvo-i-chelovek/page/35/","","Государство и человек","1","","","","76","0","12.6984 s","58kb","49","262","55","1","","","https://s-t-o-l.com/gosudarstvo-i-chelovek/page/35/","18","553 kb","35","57","10","0"
"ОБЩЕСТВО - последние новости и статьи | Медиапроект s-t-o-l.com","https://s-t-o-l.com/obshhestvo/page/33/","","общество","1","","","","63","0","7.8877 s","58kb","50","270","53","1","","","https://s-t-o-l.com/obshhestvo/page/33/","18","1158 kb","35","58","10","0"
"ИСТОРИЯ - последние новости и статьи | Медиапроект s-t-o-l.com","https://s-t-o-l.com/istoriya/page/36/","","История","1","","","","62","0","14.7063 s","58kb","53","267","44","1","","","https://s-t-o-l.com/istoriya/page/36/","18","1118 kb","36","60","11","0"
"ЦЕРКОВЬ И ОБЩЕСТВО - последние новости и статьи | Медиапроект s-t-o-l.com","https://s-t-o-l.com/tserkov-i-obshhestvo/page/36/","","Церковь и общество","1","","","","73","0","21.2427 s","59kb","56","284","44","1","","","https://s-t-o-l.com/tserkov-i-obshhestvo/page/36/","17","1225 kb","36","63","10","0"
"ГОСУДАРСТВО И ЧЕЛОВЕК - последние новости и статьи | Медиапроект s-t-o-l.com","https://s-t-o-l.com/gosudarstvo-i-chelovek/page/36/","","Государство и человек","1","","","","76","0","16.2821 s","58kb","50","243","55","1","","","https://s-t-o-l.com/gosudarstvo-i-chelovek/page/36/","18","773 kb","36","58","10","0"
"ОБЩЕСТВО - последние новости и статьи | Медиапроект s-t-o-l.com","https://s-t-o-l.com/obshhestvo/page/34/","","общество","1","","","","63","0","8.2672 s","58kb","51","219","53","1","","","https://s-t-o-l.com/obshhestvo/page/34/","18","893 kb","36","59","10","0"
"ИСТОРИЯ - последние новости и статьи | Медиапроект s-t-o-l.com","https://s-t-o-l.com/istoriya/page/37/","","История","1","","","","62","0","10.7085 s","58kb","51","251","44","1","","","https://s-t-o-l.com/istoriya/page/37/","18","845 kb","37","59","10","0"
"ГОСУДАРСТВО И ЧЕЛОВЕК - последние новости и статьи | Медиапроект s-t-o-l.com","https://s-t-o-l.com/gosudarstvo-i-chelovek/page/37/","","Государство и человек","1","","","","76","0","11.0277 s","58kb","50","259","55","1","","","https://s-t-o-l.com/gosudarstvo-i-chelovek/page/37/","18","992 kb","37","58","10","0"
"ЦЕРКОВЬ И ОБЩЕСТВО - последние новости и статьи | Медиапроект s-t-o-l.com","https://s-t-o-l.com/tserkov-i-obshhestvo/page/37/","","Церковь и общество","1","","","","73","0","14.6151 s","59kb","51","275","44","1","","","https://s-t-o-l.com/tserkov-i-obshhestvo/page/37/","18","984 kb","37","59","10","0"
"ОБЩЕСТВО - последние новости и статьи | Медиапроект s-t-o-l.com","https://s-t-o-l.com/obshhestvo/page/35/","","общество","1","","","","63","0","2.6803 s","58kb","50","246","53","1","","","https://s-t-o-l.com/obshhestvo/page/35/","18","1111 kb","37","58","10","0"
"ИСТОРИЯ - последние новости и статьи | Медиапроект s-t-o-l.com","https://s-t-o-l.com/istoriya/page/38/","","История","1","","","","62","0","9.7666 s","58kb","51","274","44","1","","","https://s-t-o-l.com/istoriya/page/38/","17","1065 kb","38","58","10","0"
"ГОСУДАРСТВО И ЧЕЛОВЕК - последние новости и статьи | Медиапроект s-t-o-l.com","https://s-t-o-l.com/gosudarstvo-i-chelovek/page/38/","","Государство и человек","1","","","","76","0","12.5410 s","59kb","50","272","55","1","","","https://s-t-o-l.com/gosudarstvo-i-chelovek/page/38/","18","1017 kb","38","58","10","0"
"ЦЕРКОВЬ И ОБЩЕСТВО - последние новости и статьи | Медиапроект s-t-o-l.com","https://s-t-o-l.com/tserkov-i-obshhestvo/page/38/","","Церковь и общество","1","","","","73","0","8.1438 s","58kb","49","264","44","1","","","https://s-t-o-l.com/tserkov-i-obshhestvo/page/38/","18","1110 kb","38","57","10","0"
"ОБЩЕСТВО - последние новости и статьи | Медиапроект s-t-o-l.com","https://s-t-o-l.com/obshhestvo/page/36/","","общество","1","","","","63","0","8.7585 s","58kb","51","232","53","1","","","https://s-t-o-l.com/obshhestvo/page/36/","18","786 kb","38","59","10","0"
"ИСТОРИЯ - последние новости и статьи | Медиапроект s-t-o-l.com","https://s-t-o-l.com/istoriya/page/39/","","История","1","","","","62","0","6.0703 s","58kb","54","272","44","1","","","https://s-t-o-l.com/istoriya/page/39/","16","846 kb","39","60","10","0"
"ГОСУДАРСТВО И ЧЕЛОВЕК - последние новости и статьи | Медиапроект s-t-o-l.com","https://s-t-o-l.com/gosudarstvo-i-chelovek/page/39/","","Государство и человек","1","","","","76","0","6.9308 s","59kb","50","274","55","1","","","https://s-t-o-l.com/gosudarstvo-i-chelovek/page/39/","18","669 kb","39","58","10","0"
"ЦЕРКОВЬ И ОБЩЕСТВО - последние новости и статьи | Медиапроект s-t-o-l.com","https://s-t-o-l.com/tserkov-i-obshhestvo/page/39/","","Церковь и общество","1","","","","73","0","8.0822 s","58kb","49","270","44","1","","","https://s-t-o-l.com/tserkov-i-obshhestvo/page/39/","18","1071 kb","39","57","10","0"
"ОБЩЕСТВО - последние новости и статьи | Медиапроект s-t-o-l.com","https://s-t-o-l.com/obshhestvo/page/37/","","общество","1","","","","63","0","8.3667 s","58kb","53","256","53","1","","","https://s-t-o-l.com/obshhestvo/page/37/","18","1173 kb","39","61","10","0"
"ИСТОРИЯ - последние новости и статьи | Медиапроект s-t-o-l.com","https://s-t-o-l.com/istoriya/page/40/","","История","1","","","","62","0","10.6210 s","59kb","55","284","44","1","","","https://s-t-o-l.com/istoriya/page/40/","18","951 kb","40","63","10","0"
"ГОСУДАРСТВО И ЧЕЛОВЕК - последние новости и статьи | Медиапроект s-t-o-l.com","https://s-t-o-l.com/gosudarstvo-i-chelovek/page/40/","","Государство и человек","1","","","","76","0","11.7688 s","58kb","50","255","55","1","","","https://s-t-o-l.com/gosudarstvo-i-chelovek/page/40/","18","1144 kb","40","58","10","0"
"ЦЕРКОВЬ И ОБЩЕСТВО - последние новости и статьи | Медиапроект s-t-o-l.com","https://s-t-o-l.com/tserkov-i-obshhestvo/page/40/","","Церковь и общество","1","","","","73","0","8.3252 s","58kb","51","274","44","1","","","https://s-t-o-l.com/tserkov-i-obshhestvo/page/40/","17","1000 kb","40","57","11","0"
"ОБЩЕСТВО - последние новости и статьи | Медиапроект s-t-o-l.com","https://s-t-o-l.com/obshhestvo/page/38/","","общество","1","","","","63","0","10.3817 s","58kb","50","250","53","1","","","https://s-t-o-l.com/obshhestvo/page/38/","18","987 kb","40","58","10","0"
"ИСТОРИЯ - последние новости и статьи | Медиапроект s-t-o-l.com","https://s-t-o-l.com/istoriya/page/41/","","История","1","","","","62","0","12.5309 s","58kb","51","284","44","1","","","https://s-t-o-l.com/istoriya/page/41/","18","1023 kb","41","59","10","0"
"ГОСУДАРСТВО И ЧЕЛОВЕК - последние новости и статьи | Медиапроект s-t-o-l.com","https://s-t-o-l.com/gosudarstvo-i-chelovek/page/41/","","Государство и человек","1","","","","76","0","12.4956 s","59kb","50","293","55","1","","","https://s-t-o-l.com/gosudarstvo-i-chelovek/page/41/","18","1029 kb","41","58","10","0"
"ЦЕРКОВЬ И ОБЩЕСТВО - последние новости и статьи | Медиапроект s-t-o-l.com","https://s-t-o-l.com/tserkov-i-obshhestvo/page/41/","","Церковь и общество","1","","","","73","0","10.7436 s","58kb","50","289","44","1","","","https://s-t-o-l.com/tserkov-i-obshhestvo/page/41/","17","885 kb","41","57","10","0"
"ОБЩЕСТВО - последние новости и статьи | Медиапроект s-t-o-l.com","https://s-t-o-l.com/obshhestvo/page/39/","","общество","1","","","","63","0","11.4494 s","58kb","51","254","53","1","","","https://s-t-o-l.com/obshhestvo/page/39/","18","973 kb","41","59","10","0"
"ИСТОРИЯ - последние новости и статьи | Медиапроект s-t-o-l.com","https://s-t-o-l.com/istoriya/page/42/","","История","1","","","","62","0","11.0632 s","59kb","54","314","44","1","","","https://s-t-o-l.com/istoriya/page/42/","18","963 kb","42","62","10","0"
"ГОСУДАРСТВО И ЧЕЛОВЕК - последние новости и статьи | Медиапроект s-t-o-l.com","https://s-t-o-l.com/gosudarstvo-i-chelovek/page/42/","","Государство и человек","1","","","","76","0","11.9837 s","58kb","50","257","55","1","","","https://s-t-o-l.com/gosudarstvo-i-chelovek/page/42/","18","1159 kb","42","58","10","0"
"ЦЕРКОВЬ И ОБЩЕСТВО - последние новости и статьи | Медиапроект s-t-o-l.com","https://s-t-o-l.com/tserkov-i-obshhestvo/page/42/","","Церковь и общество","1","","","","73","0","11.7586 s","58kb","49","267","44","1","","","https://s-t-o-l.com/tserkov-i-obshhestvo/page/42/","18","993 kb","42","57","10","0"
"ОБЩЕСТВО - последние новости и статьи | Медиапроект s-t-o-l.com","https://s-t-o-l.com/obshhestvo/page/40/","","общество","1","","","","63","0","13.8625 s","58kb","51","241","53","1","","","https://s-t-o-l.com/obshhestvo/page/40/","18","836 kb","42","59","10","0"
"ИСТОРИЯ - последние новости и статьи | Медиапроект s-t-o-l.com","https://s-t-o-l.com/istoriya/page/43/","","История","1","","","","62","0","8.3695 s","58kb","50","279","44","1","","","https://s-t-o-l.com/istoriya/page/43/","18","1030 kb","43","58","10","0"
"ГОСУДАРСТВО И ЧЕЛОВЕК - последние новости и статьи | Медиапроект s-t-o-l.com","https://s-t-o-l.com/gosudarstvo-i-chelovek/page/43/","","Государство и человек","1","","","","76","0","9.2744 s","58kb","50","257","55","1","","","https://s-t-o-l.com/gosudarstvo-i-chelovek/page/43/","18","994 kb","43","58","10","0"
"ЦЕРКОВЬ И ОБЩЕСТВО - последние новости и статьи | Медиапроект s-t-o-l.com","https://s-t-o-l.com/tserkov-i-obshhestvo/page/43/","","Церковь и общество","1","","","","73","0","14.4782 s","59kb","51","301","44","1","","","https://s-t-o-l.com/tserkov-i-obshhestvo/page/43/","16","827 kb","43","57","10","0"
"ОБЩЕСТВО - последние новости и статьи | Медиапроект s-t-o-l.com","https://s-t-o-l.com/obshhestvo/page/41/","","общество","1","","","","63","0","16.8933 s","58kb","52","248","53","1","","","https://s-t-o-l.com/obshhestvo/page/41/","18","804 kb","43","60","10","0"
"ГОСУДАРСТВО И ЧЕЛОВЕК - последние новости и статьи | Медиапроект s-t-o-l.com","https://s-t-o-l.com/gosudarstvo-i-chelovek/page/44/","","Государство и человек","1","","","","76","0","7.5795 s","59kb","50","276","55","1","","","https://s-t-o-l.com/gosudarstvo-i-chelovek/page/44/","18","1129 kb","44","58","10","0"
"ИСТОРИЯ - последние новости и статьи | Медиапроект s-t-o-l.com","https://s-t-o-l.com/istoriya/page/44/","","История","1","","","","62","0","10.9780 s","58kb","49","267","44","1","","","https://s-t-o-l.com/istoriya/page/44/","18","1147 kb","44","57","10","0"
"ОБЩЕСТВО - последние новости и статьи | Медиапроект s-t-o-l.com","https://s-t-o-l.com/obshhestvo/page/42/","","общество","1","","","","63","0","7.4233 s","58kb","50","235","53","1","","","https://s-t-o-l.com/obshhestvo/page/42/","18","787 kb","44","58","10","0"
"ЦЕРКОВЬ И ОБЩЕСТВО - последние новости и статьи | Медиапроект s-t-o-l.com","https://s-t-o-l.com/tserkov-i-obshhestvo/page/44/","","Церковь и общество","1","","","","73","0","11.0737 s","59kb","49","277","44","1","","","https://s-t-o-l.com/tserkov-i-obshhestvo/page/44/","18","945 kb","44","57","10","0"
"ГОСУДАРСТВО И ЧЕЛОВЕК - последние новости и статьи | Медиапроект s-t-o-l.com","https://s-t-o-l.com/gosudarstvo-i-chelovek/page/45/","","Государство и человек","1","","","","76","0","8.2355 s","58kb","49","248","55","1","","","https://s-t-o-l.com/gosudarstvo-i-chelovek/page/45/","18","1017 kb","45","57","10","0"
"ИСТОРИЯ - последние новости и статьи | Медиапроект s-t-o-l.com","https://s-t-o-l.com/istoriya/page/45/","","История","1","","","","62","0","6.7959 s","58kb","48","267","44","1","","","https://s-t-o-l.com/istoriya/page/45/","18","792 kb","45","56","10","0"
"ОБЩЕСТВО - последние новости и статьи | Медиапроект s-t-o-l.com","https://s-t-o-l.com/obshhestvo/page/43/","","общество","1","","","","63","0","10.4785 s","58kb","51","233","53","1","","","https://s-t-o-l.com/obshhestvo/page/43/","18","850 kb","45","59","10","0"
"ЦЕРКОВЬ И ОБЩЕСТВО - последние новости и статьи | Медиапроект s-t-o-l.com","https://s-t-o-l.com/tserkov-i-obshhestvo/page/45/","","Церковь и общество","1","","","","73","0","11.4591 s","58kb","48","258","44","1","","","https://s-t-o-l.com/tserkov-i-obshhestvo/page/45/","18","761 kb","45","56","10","0"
"ГОСУДАРСТВО И ЧЕЛОВЕК - последние новости и статьи | Медиапроект s-t-o-l.com","https://s-t-o-l.com/gosudarstvo-i-chelovek/page/46/","","Государство и человек","1","","","","76","0","11.6782 s","58kb","51","246","55","1","","","https://s-t-o-l.com/gosudarstvo-i-chelovek/page/46/","18","1039 kb","46","59","10","0"
"ОБЩЕСТВО - последние новости и статьи | Медиапроект s-t-o-l.com","https://s-t-o-l.com/obshhestvo/page/44/","","общество","1","","","","63","0","10.8310 s","58kb","51","237","53","1","","","https://s-t-o-l.com/obshhestvo/page/44/","18","958 kb","46","59","10","0"
"ГОСУДАРСТВО И ЧЕЛОВЕК - последние новости и статьи | Медиапроект s-t-o-l.com","https://s-t-o-l.com/gosudarstvo-i-chelovek/page/47/","","Государство и человек","1","","","","76","0","13.6529 s","59kb","50","285","55","1","","","https://s-t-o-l.com/gosudarstvo-i-chelovek/page/47/","18","1037 kb","47","58","10","0"
"ОБЩЕСТВО - последние новости и статьи | Медиапроект s-t-o-l.com","https://s-t-o-l.com/obshhestvo/page/45/","","общество","1","","","","63","0","11.7747 s","58kb","49","253","53","1","","","https://s-t-o-l.com/obshhestvo/page/45/","18","1184 kb","47","57","10","0"
"ГОСУДАРСТВО И ЧЕЛОВЕК - последние новости и статьи | Медиапроект s-t-o-l.com","https://s-t-o-l.com/gosudarstvo-i-chelovek/page/48/","","Государство и человек","1","","","","76","0","12.4751 s","58kb","50","260","55","1","","","https://s-t-o-l.com/gosudarstvo-i-chelovek/page/48/","18","956 kb","48","58","10","0"
"ОБЩЕСТВО - последние новости и статьи | Медиапроект s-t-o-l.com","https://s-t-o-l.com/obshhestvo/page/46/","","общество","1","","","","63","0","17.9929 s","58kb","49","248","53","1","","","https://s-t-o-l.com/obshhestvo/page/46/","18","994 kb","48","57","10","0"
"ГОСУДАРСТВО И ЧЕЛОВЕК - последние новости и статьи | Медиапроект s-t-o-l.com","https://s-t-o-l.com/gosudarstvo-i-chelovek/page/49/","","Государство и человек","1","","","","76","0","12.7539 s","58kb","50","263","55","1","","","https://s-t-o-l.com/gosudarstvo-i-chelovek/page/49/","18","958 kb","49","58","10","0"
"ОБЩЕСТВО - последние новости и статьи | Медиапроект s-t-o-l.com","https://s-t-o-l.com/obshhestvo/page/47/","","общество","1","","","","63","0","17.3078 s","58kb","49","264","53","1","","","https://s-t-o-l.com/obshhestvo/page/47/","18","1390 kb","49","57","10","0"
"ГОСУДАРСТВО И ЧЕЛОВЕК - последние новости и статьи | Медиапроект s-t-o-l.com","https://s-t-o-l.com/gosudarstvo-i-chelovek/page/50/","","Государство и человек","1","","","","76","0","12.7612 s","58kb","50","257","55","1","","","https://s-t-o-l.com/gosudarstvo-i-chelovek/page/50/","18","1489 kb","50","58","10","0"
"ОБЩЕСТВО - последние новости и статьи | Медиапроект s-t-o-l.com","https://s-t-o-l.com/obshhestvo/page/48/","","общество","1","","","","63","0","11.1455 s","58kb","49","252","53","1","","","https://s-t-o-l.com/obshhestvo/page/48/","18","940 kb","50","57","10","0"
"ГОСУДАРСТВО И ЧЕЛОВЕК - последние новости и статьи | Медиапроект s-t-o-l.com","https://s-t-o-l.com/gosudarstvo-i-chelovek/page/51/","","Государство и человек","1","","","","76","0","10.7547 s","58kb","51","253","55","1","","","https://s-t-o-l.com/gosudarstvo-i-chelovek/page/51/","18","999 kb","51","59","10","0"
"ОБЩЕСТВО - последние новости и статьи | Медиапроект s-t-o-l.com","https://s-t-o-l.com/obshhestvo/page/49/","","общество","1","","","","63","0","6.3767 s","58kb","50","243","53","1","","","https://s-t-o-l.com/obshhestvo/page/49/","18","1118 kb","51","58","10","0"
"ГОСУДАРСТВО И ЧЕЛОВЕК - последние новости и статьи | Медиапроект s-t-o-l.com","https://s-t-o-l.com/gosudarstvo-i-chelovek/page/52/","","Государство и человек","1","","","","76","0","7.7991 s","59kb","51","256","55","1","","","https://s-t-o-l.com/gosudarstvo-i-chelovek/page/52/","18","890 kb","52","59","10","0"
"ОБЩЕСТВО - последние новости и статьи | Медиапроект s-t-o-l.com","https://s-t-o-l.com/obshhestvo/page/50/","","общество","1","","","","63","0","6.2877 s","58kb","52","251","53","1","","","https://s-t-o-l.com/obshhestvo/page/50/","18","1104 kb","52","60","10","0"
"ОБЩЕСТВО - последние новости и статьи | Медиапроект s-t-o-l.com","https://s-t-o-l.com/obshhestvo/page/51/","","общество","1","","","","63","0","12.0019 s","58kb","52","250","53","1","","","https://s-t-o-l.com/obshhestvo/page/51/","18","915 kb","53","60","10","0"
"ГОСУДАРСТВО И ЧЕЛОВЕК - последние новости и статьи | Медиапроект s-t-o-l.com","https://s-t-o-l.com/gosudarstvo-i-chelovek/page/53/","","Государство и человек","1","","","","76","0","20.8772 s","58kb","51","266","55","1","","","https://s-t-o-l.com/gosudarstvo-i-chelovek/page/53/","18","1054 kb","53","59","10","0"
"ОБЩЕСТВО - последние новости и статьи | Медиапроект s-t-o-l.com","https://s-t-o-l.com/obshhestvo/page/52/","","общество","1","","","","63","0","8.8549 s","58kb","50","243","53","1","","","https://s-t-o-l.com/obshhestvo/page/52/","18","746 kb","54","58","10","0"
"ГОСУДАРСТВО И ЧЕЛОВЕК - последние новости и статьи | Медиапроект s-t-o-l.com","https://s-t-o-l.com/gosudarstvo-i-chelovek/page/54/","","Государство и человек","1","","","","76","0","12.6251 s","58kb","51","277","55","1","","","https://s-t-o-l.com/gosudarstvo-i-chelovek/page/54/","18","784 kb","54","59","10","0"
"ОБЩЕСТВО - последние новости и статьи | Медиапроект s-t-o-l.com","https://s-t-o-l.com/obshhestvo/page/53/","","общество","1","","","","63","0","8.7634 s","58kb","50","247","53","1","","","https://s-t-o-l.com/obshhestvo/page/53/","18","913 kb","55","58","10","0"
"ГОСУДАРСТВО И ЧЕЛОВЕК - последние новости и статьи | Медиапроект s-t-o-l.com","https://s-t-o-l.com/gosudarstvo-i-chelovek/page/55/","","Государство и человек","1","","","","76","0","10.2758 s","58kb","50","251","55","1","","","https://s-t-o-l.com/gosudarstvo-i-chelovek/page/55/","18","965 kb","55","58","10","0"
"ГОСУДАРСТВО И ЧЕЛОВЕК - последние новости и статьи | Медиапроект s-t-o-l.com","https://s-t-o-l.com/gosudarstvo-i-chelovek/page/56/","","Государство и человек","1","","","","76","0","9.9347 s","58kb","49","259","55","1","","","https://s-t-o-l.com/gosudarstvo-i-chelovek/page/56/","18","725 kb","56","57","10","0"
"ОБЩЕСТВО - последние новости и статьи | Медиапроект s-t-o-l.com","https://s-t-o-l.com/obshhestvo/page/54/","","общество","1","","","","63","0","11.0729 s","58kb","50","243","53","1","","","https://s-t-o-l.com/obshhestvo/page/54/","18","716 kb","56","58","10","0"
